Model,MAE,RMSE,MAPE (%),Forecast Month 1,Forecast Month 2,Forecast Month 3
SARIMA,20580.7,22190.91,21.94,54757.98,88413.7,92557.88
Facebook Prophet,20250.79,22318.41,21.86,51318.94,90325.65,90041.08
XGBoost,14763.81,18337.41,14.48,86530.4921875,87955.140625,88256.453125
